{
  "project_info": {
    "project_number": "274426874466",
    "project_id": "pillbox-b9731",
    "storage_bucket": "pillbox-b9731.appspot.com"
  },
  "client": [
    {
      "client_info": {
        "mobilesdk_app_id": "1:274426874466:android:38c1dfb7c5b4bf6f059f3b",
        "android_client_info": {
          "package_name": "com.example.pill_box_app"
        }
      },
      "oauth_client": [
        {
          "client_id": "274426874466-2f8gsbn66dlc08s0ldjuunn1hplspsvg.apps.googleusercontent.com",
          "client_type": 3
        }
      ],
      "api_key": [
        {
          "current_key": "AIzaSyDbBH09XilCWXwiQrJksCChu2pIZ6DGjZs"
        }
      ],
      "services": {
        "appinvite_service": {
          "other_platform_oauth_client": [
            {
              "client_id": "274426874466-2f8gsbn66dlc08s0ldjuunn1hplspsvg.apps.googleusercontent.com",
              "client_type": 3
            }
          ]
        }
      }
    }
  ],
  "configuration_version": "1"
}